{"src_points": [[329.55694580078125, 1117.0723876953125], [1685.182373046875, 532.9811401367188], [3213.447998046875, 571.2294311523438], [3577.41259765625, 1472.3018798828125]], "field_length": 105.0, "field_width": 68.0, "homography_matrix": [[-0.4972593120192569, -1.1540959912099706, 1453.0840246705743], [-0.06612995333127883, 0.60462474937347, -653.6160269964975], [-0.00043137021178417774, -0.012730053191658685, 0.9999999999999999]], "mode": "grid"}