{"src_points": [[281.8790588378906, 1115.4486083984375], [1650.59912109375, 525.42333984375], [3223.156005859375, 585.1983032226562], [3574.7734375, 1536.123779296875]], "field_length": 10.0, "field_width": 5.0, "homography_matrix": [[-0.1474400717012329, -0.34202634170610197, 423.0730755378143], [-0.017788110625609196, 0.13923895094875888, -150.2997981890004], [-0.0010059119680809524, -0.03928247888201586, 0.9999999999999999]], "mode": "grid"}